IterationNumber=1	Performance9	0	3	0	0	1.0	0.75	0.8571428571428571	ThresholdValue=1
IterationNumber=2	Performance23	0	6	0	0	1.0	0.7931034482758621	0.8846153846153846	ThresholdValue=1
